{"cameraMode":{"drawMode":0,"name":"Shaded","section":"Shading Mode"},"sceneLighting":true,"audioPlay":false,"sceneViewState":{"m_AlwaysRefresh":false,"showFog":true,"showSkybox":true,"showFlares":true,"showImageEffects":true,"showParticleSystems":true,"showVisualEffectGraphs":true,"m_FxEnabled":true},"in2DMode":false,"pivot":{"x":-7.656454563140869,"y":94.2878189086914,"z":-39.39817428588867},"rotation":{"x":-0.5025315880775452,"y":-0.003131805220618844,"z":0.0017732343403622509,"w":-0.8646041750907898},"size":6.0915069580078129,"orthographic":false}